{
  "checkpoint": 14.0,
  "cycle": 70.0,
  "capacity_01c_ah": 5.039098400997956,
  "dcir_ohm": 0.03284061530186122,
  "hppc_power_w": 21.804387287571778,
  "throughput_ah": 59.84992340833475,
  "lli_pct": 0.6916600712618788,
  "lam_ne_pct": 0.04427417930351396,
  "lam_pe_pct": 0.02629482785785342,
  "neg_porosity": 0.23106956139549248,
  "voltage_v": 3.494555434165851,
  "dcir_100_soc_ohm": 0.03284061530186122,
  "hppc_discharge_power_100_soc_w": 20.233160537614943,
  "hppc_charge_power_100_soc_w": 21.804387287571778,
  "dcir_80_soc_ohm": 0.028135079678303577,
  "hppc_discharge_power_80_soc_w": 19.560504698932885,
  "hppc_charge_power_80_soc_w": 20.926151649610762,
  "dcir_50_soc_ohm": 0.027249163688313604,
  "hppc_discharge_power_50_soc_w": 18.17523322079419,
  "hppc_charge_power_50_soc_w": 19.49446990092918,
  "dcir_20_soc_ohm": 0.029396700939357156,
  "hppc_discharge_power_20_soc_w": 16.785271060015482,
  "hppc_charge_power_20_soc_w": 18.216621113715753,
  "dqdv_peak_v_discharge": 4.075540320532596,
  "dqdv_peak_h_discharge": -19.420627777788617,
  "ica_area_discharge": 5.039098400997964,
  "dqdv_peak_v_charge": 4.118917380583043,
  "dqdv_peak_h_charge": -18.465164184602827,
  "ica_area_charge": 4.976486502557863,
  "soh_pct": 99.22169193277526,
  "n_rows": 14
}