{
    "temp": 10,
    "scan_no": 12,
    "target_mpe": 2.37,
    "params": {
        "Inner SEI lithium interstitial diffusivity [m2.s-1]": 3.0815260431063136e-18,
        "Dead lithium decay constant [s-1]": 2.733063283967037e-07,
        "Lithium plating kinetic rate constant [m.s-1]": 2.4797464057913834e-09,
        "Negative electrode LAM constant proportional term [s-1]": 5.1118733462225266e-09,
        "Positive electrode LAM constant proportional term [s-1]": 4.721568051435075e-18,
        "Negative electrode cracking rate": 6.561652567301391e-25,
        "Outer SEI partial molar volume [m3.mol-1]": 2.210538607884988e-05,
        "SEI growth activation energy [J.mol-1]": 6433.650014534862,
        "Negative cracking growth activation energy [J.mol-1]": 4745.2904786582985,
        "Negative electrode diffusivity activation energy [J.mol-1]": 10885.786053973772,
        "Positive electrode diffusivity activation energy [J.mol-1]": 11441.68811095503
    }
}