{
    "temp": 40,
    "scan_no": 10,
    "target_mpe": 2.12,
    "params": {
        "Inner SEI lithium interstitial diffusivity [m2.s-1]": 2.9158432858415636e-18,
        "Dead lithium decay constant [s-1]": 6.934098213078001e-07,
        "Lithium plating kinetic rate constant [m.s-1]": 6.223742150177007e-09,
        "Negative electrode LAM constant proportional term [s-1]": 3.796771971247575e-09,
        "Positive electrode LAM constant proportional term [s-1]": 4.123934831591079e-18,
        "Negative electrode cracking rate": 5.7586446395603285e-25,
        "Outer SEI partial molar volume [m3.mol-1]": 3.3989543803650584e-05,
        "SEI growth activation energy [J.mol-1]": 1370.0294870476764,
        "Negative cracking growth activation energy [J.mol-1]": 4079.0772796820866,
        "Negative electrode diffusivity activation energy [J.mol-1]": 28355.16868907615,
        "Positive electrode diffusivity activation energy [J.mol-1]": 14757.575963194953
    }
}